universiteit van amsterdam,university amsterdam
technische universiteit delft,delft university technology
universiteit twente,university twente
universiteit utrecht,utrecht university
rijksuniversiteit groningen,university groningen
technische universiteit eindhoven,eindhoven university technology
wageningen universiteit,wageningen university
universiteit leiden,leiden university
radboud universiteit nijmegen,radboud university
erasmus universiteit rotterdam,erasmus university rotterdam
universiteit van tilburg,tilburg university
universiteit maastricht,maastricht university
fontys hogescholen,fontys university applied sciences
hogeschool van amsterdam,amsterdam university applied sciences
hanzehogeschool groningen,hanze university applied sciences groningen
hogeschool van arnhem en nijmegen,han university applied sciences
hogeschool utrecht,hu university applied sciences utrecht
hogeschool voor de kunsten utrecht,utrecht school the arts
saxion hogescholen,saxion university
hogeschool inholland,inholland university applied sciences
avans hogeschool,avans university applied sciences
christelijke hogeschool windesheim,windesheim university applied sciences
hogeschool zuyd,zuyd university
stenden hogeschool,stenden university applied sciences
nhtv internationaal hoger onderwijs breda,nhtv breda university applied sciences
artez hogeschool voor de kunsten,artez institute for the arts
hogeschool rotterdam,rotterdam university
nyenrode business universiteit,nyenrode business university
gerrit rietveld academie,gerrit rietveld academy
nhl hogeschool,nhl university
amsterdamse hogeschool voor de kunsten,amsterdam school the arts
hogeschool van beeldende kunsten muziek en dans,royal academy fine arts design music and dance
hogeschool zeeland,zeeland university applied sciences
christelijke hogeschool ede,ede christian university
de haagse hogeschool,the hague university applied sciences
hogeschool leiden,leiden university applied sciences
hotelschool den haag,hotelschool the hague
hogeschool van hall larenstein,van hall larenstein university applied sciences
pedagogische hogeschool de kempel,de kempel university teacher education college
katholieke pabo zwolle,university professional teacher education pabo zwolle
islamitische universiteit rotterdam,islamic university rotterdam
hogeschool wittenborg,wittenborg university applied sciences
stoas wageningen vilentum hogeschool,stoas university applied sciences
