katholieke universiteit leuven,catholic university leuven
universiteit gent,ghent university
universite catholique de louvain,catholic university louvain
universite de liege,university liege
universiteit antwerpen,university antwerp
universite de namur,university namur
universiteit hasselt,hasselt university
hogeschool gent,university college ghent
thomas more hogeschool,thomas more university college
hogeschool west vlaanderen,west flanders university college
instituut voor tropische geneeskunde,institute tropical medicine
karel de grote hogeschool,karel de grote university college
universite de mons,university mons
arteveldehogeschool,artevelde university college ghent
universite saint louis bruxelles,saint louis university brussels
haute ecole louvain en hainaut,university college louvain en hainaut
institut catholique des hautes etudes commerciales,ichec brussels management school
artesis plantijn hogeschool antwerpen,plantijn university college
haute ecole ephec,ephec university college
erasmushogeschool brussel,erasmus university college brussels
hogeschool pxl,pxl university college
haute ecole leonard de vinci,leonardo da vinci university college
hogere zeevaartschool antwerpen,antwerp maritime academy
uc leuven limburg,university college leuven limburg
haute ecole de namur liege luxembourg,university college namur liege luxembourg
haute ecole libre mosane,mosane free university college
conservatoire royal de bruxelles,royal conservatory bruxelles
haute ecole provinciale de hainaut condorcet,provincial university college hainaut condorcet
haute ecole libre de bruxelles ilya prigogine,brussels free university college ilya prigogine
haute ecole albert jacquard,albert jacquard university college
ecole de recherche graphique,school graphic research
haute ecole de bruxelles,university college brussels
haute ecole lucia de brouckere,lucia de brouckere university college
evangelische theologische faculteit leuven,evangelical theological faculty leuven
haute ecole robert schuman,robert schuman university college
institut des arts de diffusion,institute visual arts
institut superieur de musique et de pedagogie,higher institute music and pedagogy
institut national superieur des arts du spectacle,higher institute the arts spectacle
haute ecole de la province de liege,university college the province liege
haute ecole galilee,galilee university college
ecole superieure des arts saint luc de liege,school arts saint luc de liege
transnationale universiteit limburg,transnational university limburg
haute ecole paul henri spaak,paul henri spaak university college
haute ecole charlemagne,charlemagne university college
haute ecole en hainaut,hainaut university college
instituts saint luc bruxelles,institutes saint luc de bruxelles
conservatoire royal de liege,royal conservatory liege
arts2 ecole superieure des arts,arts2 academy arts
haute ecole francisco ferrer,francisco ferrer university college
haute ecole de la province de namur,university college the province namur
haute ecole de la ville de liege,university college the town liege
ecole nationale superieure des arts visuels de la cambre,la cambre national school visual arts
academie des beaux arts de tournai,academy fine arts tournai
institut saint luc tournai,saint luc institute tournai
