helsingin yliopisto,university helsinki
aalto yliopisto,aalto university
tampereen teknillinen yliopisto,tampere university technology
tampereen yliopisto,university tampere
turun yliopisto,university turku
jyvaskylan yliopisto,university jyvaskyla
abo akademi,abo akademi university
ita suomen yliopisto,university eastern finland
vaasan yliopisto,university vaasa
oulun yliopisto,university oulu
metropolia ammattikorkeakoulu,metropolia university applied sciences
lappeenrannan teknillinen yliopisto,lappeenranta university technology
jyvaskylan ammattikorkeakoulu,jyvaskyla university applied sciences
tampereen ammattikorkeakoulu,tampere university applied sciences
lapin yliopisto,university lapland
taideyliopisto,university the arts helsinki
hanken svenska handelshogskolan,hanken school economics
haaga helia ammattikorkeakoulu,haaga helia university applied sciences
seinajoen ammattikorkeakoulu,seinajoki university applied sciences
laurea ammattikorkeakoulu,laurea university applied sciences
oulun seudun ammattikorkeakoulu,oulu university applied sciences
lapin ammattikorkeakoulu,lapland university applied sciences
yrkeshogskolan novia,novia university applied sciences
mikkelin ammattikorkeakoulu,mikkeli university applied sciences
vaasan ammattikorkeakoulu,vaasa university applied sciences
kymenlaakson ammattikorkeakoulu,kymenlaakso university applied sciences
arcada nylands svenska yrkeshogskola,arcada university applied sciences
savonia ammattikorkeakoulu,savonia university applied sciences
humanistinen ammattikorkeakoulu,humak university applied sciences
karelia ammattikorkeakoulu,karelia university applied sciences
lahden ammattikorkeakoulu,lahti university applied sciences
hameen ammattikorkeakoulu,hamk hame university applied sciences
satakunnan ammattikorkeakoulu,satakunta university applied sciences
kajaanin ammattikorkeakoulu,kajaani university applied sciences
saimaan ammattikorkeakoulu,saimaa university applied sciences
centria ammattikorkeakoulun,centria university applied sciences
diakonia ammattikorkeakoulu,diaconia university applied sciences
hogskolan pa aland,aland university applied sciences
turun ammattikorkeakoulu,turku university applied sciences
