софииски университет,sofia university
нов български университет,new bulgarian university
лесотехнически университет,university forestry
американски университет в българия,american university in bulgaria
пловдивски университет,plovdiv university
варненски свободен университет,varna free university
технически университет софия,technical university sofia
университет за национално и световно стопанство,university national and world economy
русенски университет,university ruse
химикотехнологичен и металургичен университет,university chemical technology and metallurgy
югозападен университет неофит рилски,south west university
тракииски университет,trakia university
стопанска академия димитър а ценов,d a tsenov academy economics
икономически университет варна,university economics varna
великотърновски университет св св кирил и методии,university veliko tarnovo
медицински университет варна,medical university varna
технически университет варна,technical university varna
университет по архитектура строителство и геодезия,university architecture civil engineering and geodesy
аграрен университет пловдив,agricultural university plovdiv
медицински университет софия,medical university sofia
технически университет габрово,technical university gabrovo
бургаски свободен университет,burgas free university
шуменски университет,shumen university
медицински университет плевен,medical university pleven
висше училище по застраховане и финанси,higher school insurance and finance
минно геоложки университет,university mining and geology st ivan rilski
университет по хранителни технологии,university food technologies
национална спортна академия,national sports academy
висшето транспортно училище,university transport
университет проф д р асен златаров,burgas prof assen zlatarov university
националният военен университет васил левски,vasil levski national military university
националната академия за театрално и филмово изкуство кръстьо сарафов,national academy for theatre and film arts
университета по библиотекознание и информационни технологии,university library studies and information technologies
медицински университет пловдив,medical university plovdiv
висше училище по мениджмънт,varna university management
международно висше бизнес училище,international business school
академия за музикално танцово и изобразително изкуство,academy music dance and fine arts
висше строително училище,university structural engineering and architecture
национална художествена академия,national academy arts
европеиско висше училище по икономика и мениджмънт,european higher school economics and management
национална музикална академия,national academy music
колеж по мениджмънт търговия и маркетинг,mt m college
европеиския политехнически университет,european polytechnical university
колеж по икономика и администрация,university security and economics
висше училище по агробизнес и развитие на регионите,university agribusiness and rural development
колеж по туризъм благоевград,college tourism blagoevgrad
