αριστοτελειου πανεπιστημιου θεσσαλονικης,aristotle university thessaloniki
εθνικου και καποδιστριακου πανεπιστημιου αθηνων,national and kapodistrian university athens
εθνικο μετσοβιο πολυτεχνειο,national technical university athens
πανεπιστημιο πατρων,university patras
πανεπιστημιο κρητης,university crete
πανεπιστημιο ιωαννινων,university ioannina
δημοκριτειο πανεπιστημιο θρακης,democritus university thrace
οικονομικο πανεπιστημιο αθηνων,athens university economics and business
πανεπιστημιο αιγαιου,university the aegean
τεχνολογικο εκπαιδευτικο ιδρυμα κρητης,technological educational institute crete
πανεπιστημιο μακεδονιας,university macedonia
πανεπιστημιο θεσσαλιας,university thessaly
παντειο πανεπιστημιο,panteion university
πανεπιστημιο πειραιως,university piraeus
πολυτεχνειο κρητης,technical university crete
πανεπιστημιο πελοποννησου,university peloponnese
τεχνολογικο εκπαιδευτικο ιδρυμα αθηνων,technological education institute athens
ανωτατη σχολη καλων τεχνων,athens school fine arts
αλεξανδρειο τεχνολογικο εκπαιδευτικο ιδρυμα θεσσαλονικης,alexander technological educational institute thessaloniki
γεωπονικο πανεπιστημιο αθηνων,agricultural university athens
διεθνες πανεπιστημιο ελλαδος,international hellenic university
τεχνολογικο εκπαιδευτικο ιδρυμα μεσολογγιου,technological education institute mesologgi
τεχνολογικο εκπαιδευτικο ιδρυμα λαρισας,technological education institute larissa
ιονιο πανεπιστημιο,ionian university
χαροκοπειο πανεπιστημιο,harokopio university
τεχνολογικο εκπαιδευτικο ιδρυμα πατρων,technological education institute patras
τεχνολογικο εκπαιδευτικο ιδρυμα ηπειρου,technological education institute epiros
τεχνολογικο εκπαιδευτικο ιδρυμα λαμιας,technological education institute lamia
τεχνολογικο εκπαιδευτικο ιδρυμα πειραια,technological education institute piraeus
πανεπιστημιο δυτικης μακεδονιας,university western macedonia
αμερικανικου κολλεγιου ελλαδος,the american college greece
τεχνολογικο εκπαιδευτικο ιδρυμα δυτικης μακεδονιας,technological education institute western macedonia
τεχνολογικο εκπαιδευτικο ιδρυμα κεντρικης μακεδονιας,technological education institute central macedonia
τεχνολογικο εκπαιδευτικο ιδρυμα καβαλας,technological education institute kavala
τεχνολογικο εκπαιδευτικο ιδρυμα καλαματας,technological education institute kalamata
alba κολλεγιο διοικησης επιχειρησεων,alba graduate business school
στρατιωτικη σχολη ευελπιδων,hellenic military academy
τεχνολογικο εκπαιδευτικο ιδρυμα χαλκιδας,technological education institute chalkida
το αμερικανικο κολλεγιο θεσσαλονικης,the american college thessaloniki
τεχνολογικο εκπαιδευτικο ιδρυμα ιονιων νησων,technological education institute ionian islands
τεχνολογιες πληροφορικης αθηνων,athens information technology
σχολη ναυτικων δοκιμων,hellenic naval academy
κολλεγιο ινδιαναπολης αθηνων,university indianapolis athens campus
