latvijas universitate,university latvia
rigas tehniska universitate,riga technical university
biznesa augstskola turiba,school business administration turiba
latvijas lauksaimniecibas universitate,latvia university agriculture
latvijas makslas akademija,art academy latvia
rigas ekonomikas augstskola,stockholm school economics in riga
daugavpils universitate,daugavpils university
vidzemes augstskola,vidzeme university applied sciences
banku augstskola,ba school business and finance
rigas starptautiska ekonomikas un biznesa administracijas augstskola,riga international school economics and business administration
rigas stradina universitate,riga stradins university
transporta un sakaru instituts,transport and telecommunication institute
rezeknes augstskola,rezekne higher education institute
baltijas starptautiska akademija,baltic international academy
ventspils augstskola,ventspils university college
liepajas universitate,liepaja university
rigas juridiska augstskola,riga graduate school law
latvijas kulturas akademija,latvian academy culture
jazepa vitola latvijas muzikas akademija,jazepa vitola latvian academy music
informacijas sistemu menedzmenta augstskola,information systems management institute
rigas pedagogijas un izglitibas vadibas akademija,riga teacher training and educational management academy
latvijas sporta pedagogijas akademija,latvian academy sports education
ekonomikas un kulturas augstskola,higher school economic and culture
latvijas kristiga akademija,latvian christian academy
rigas aeronavigacijas instituts,riga aeronautical institute
baltijas psihologijas un menedzmenta augstskola,baltic psychology and management university college
latvijas juras akademija,latvian maritime academy
starptautiska praktiskas psihologijas augstskola,international higher school practical psychology
socialo tehnologiju augstskola,school social technologies
