universidad complutense de madrid,complutense university madrid
universitat de barcelona,university barcelona
universidad politecnica de madrid,technical university madrid
universitat de valencia,university valencia
universitat politecnica de catalunya,technical university catalonia
universidad de granada,university granada
universidad de sevilla,university seville
universitat autonoma de barcelona,autonomous university barcelona
universidad autonoma de madrid,autonomous university madrid
universidad politecnica de valencia,polytechnic university valencia
universidad de malaga,university malaga
universidad de zaragoza,university saragossa
universidad de salamanca,university salamanca
universidad pompeu fabra,pompeu fabra university
universidad del pais vasco,university the basque country
universidad de alicante,university alicante
universidad de castilla la mancha,university castilla la mancha
universidad de valladolid,university valladolid
universidad de murcia,university murcia
universidad de cordoba,university cordoba
universidad carlos iii de madrid,carlos iii university madrid
universidad de las palmas de gran canaria,university las palmas de gran canaria
universidad rey juan carlos,university king juan carlos
universidad de cadiz,university cadiz
universidad de oviedo,university oviedo
universitat jaume i,james i university
universidad de santiago de compostela,university santiago de compostela
universidad de huelva,university huelva
universidade da coruna,university a coruna
universidad de alcala,university alcala
universidad de cantabria,university cantabria
universidad de navarra,university navarra
universidad de vigo,university vigo
universitat rovira i virgili,rovira i virgili university
universidad de extremadura,university extremadura
universidad de la laguna,university la laguna
universidad de les illes balears,university the balearic islands
universidad pablo de olavide,university pablo de olavide seville
universidad de jaen,university jaen
universidad de leon,university leon
universidad de deusto,university deusto
universidad de la rioja,university la rioja
universidad de almeria,university almeria
universitat de girona,university girona
universidad miguel hernandez de elche,miguel hernandez elche university
universidad europea de madrid,european university madrid
universidad publica de navarra,public university navarre
universidad internacional menendez pelayo,international university menendez pelayo
universidad politecnica de cartagena,polytechnic university cartagena
universitat ramon llull,university ramon llull
universidad internacional de andalucia,international university andalusia
universidad pontificia comillas,comillas pontifical university
universidad de burgos,university burgos
universidad catolica san antonio,san antonio de murcia catholic university
universitat de lleida,university lleida
universidad antonio de nebrija,antonio de nebrija university
mondragon univertsitatea,mondragon university
universidad francisco de vitoria,francisco de vitoria university
universidad pontificia de salamanca,pontifical university salamanca
universidad camilo jose cela,camilo jose cela university
universidad ceu cardenal herrera,ceu cardenal herrera university
universidad alfonso x el sabio,alfonso x el sabio university
universitat internacional de catalunya,international university catalonia
universidad san jorge,san jorge university
universidad ceu san pablo,ceu university san pablo
universidad catolica de valencia san vicente martir,san vicente martir catholic university valencia
universidad abat oliba ceu,abat oliba ceu university
universitat de vic,university vic
universidad europea miguel de cervantes,miguel de cervantes european university
universidad catolica de avila,catholic university avila
