freie universitat berlin,free university berlin
universitat munchen,university munich
universitat freiburg,university freiburg
technische universitat berlin,technical university berlin
universitat heidelberg,university heidelberg
humboldt universitat zu berlin,humboldt university berlin
rheinisch westfalische technische hochschule aachen,rwth aachen university
universitat hamburg,university hamburg
technische universitat munchen,technical university munich
universitat zu koln,university cologne
universitat leipzig,university leipzig
rheinische friedrich wilhelms universitat bonn,university bonn
westfalische wilhelms universitat munster,university munster
universitat stuttgart,university stuttgart
goethe universitat frankfurt am main,goethe university frankfurt am main
universitat tubingen,university tubingen
universitat bremen,university bremen
leibniz universitat hannover,leibniz university hanover
johannes gutenberg universitat mainz,johannes gutenberg university mainz
georg august universitat gottingen,university gottingen
karlsruher institut fur technologie,karlsruhe institute technology
ruhr universitat bochum,ruhr university bochum
universitat regensburg,university regensburg
universitat zu kiel,university kiel
universitat wurzburg,university wurzburg
technische universitat chemnitz,chemnitz university technology
friedrich alexander universitat erlangen nurnberg,university erlangen nuremberg
technische universitat kaiserslautern,university kaiserslautern
technische universitat dresden,dresden university technology
friedrich schiller universitat jena,friedrich schiller university jena
universitat bielefeld,university bielefeld
universitat duisburg essen,university duisburg essen
technische universitat darmstadt,darmstadt university technology
universitat des saarlandes,saarland university
universitat konstanz,university constance
justus liebig universitat giessen,university giessen
philipps universitat marburg,university marburg
universitat kassel,university kassel
universitat ulm,university ulm
universitat trier,university trier
heinrich heine universitaet dusseldorf,heinrich heine university dusseldorf
universitat mannheim,university mannheim
universitat potsdam,university potsdam
universitat bayreuth,university bayreuth
martin luther universitat halle wittenberg,martin luther university halle wittenberg
carl von ossietzky universitat oldenburg,carl von ossietzky university oldenburg
universitat paderborn,university paderborn
hochschule augsburg,augsburg university applied sciences
technische universitat hamburg harburg,hamburg university technology
fernuniversitat in hagen,university hagen
universitat rostock,university rostock
universitat osnabruck,university osnabruck
technische universitat braunschweig,braunschweig university technology
charite universitatsmedizin berlin,charite medical university berlin
bergische universitat wuppertal,university wuppertal
technische universitat dortmund,tu dortmund university
universitat siegen,university siegen
ernst moritz arndt universitat greifswald,ernst moritz arndt university greifswald
otto von guericke universitat magdeburg,otto von guericke university magdeburg
universitat hohenheim,university hohenheim
universitat passau,university passau
universitat augsburg,university augsburg
technische universitat ilmenau,ilmenau university technology
hochschule furtwangen,furtwangen university applied sciences
universitat bamberg,university bamberg
technische universitat bergakademie freiberg,freiberg university technology
universitat zu lubeck,university lubeck
technische universitat clausthal,clausthal university technology
hochschule fur angewandte wissenschaften hamburg,hamburg university applied sciences
bauhaus universitat weimar,bauhaus university weimar
universitat der kunste berlin,berlin university the arts
leuphana universitat luneburg,leuphana university luneburg
hochschule fur technik und wirtschaft berlin,berlin university applied sciences
technische hochschule koln,cologne university applied sciences
hochschule bremen,bremen university applied sciences
hochschule der medien,stuttgart media university
hochschule fur angewandte wissenschaften munchen,munich university applied sciences
fachhochschule munster,munster university applied sciences
medizinische hochschule hannover,hannover medical school
hochschule fur technik wirtschaft und kultur leipzig,leipzig university applied sciences
hochschule osnabruck,osnabruck university applied sciences
akkon hochschule fur humanwissenschaften,akkon college human sciences
hochschule hannover,hannover university applied sciences
universitat hildesheim,university hildesheim
fachhochschule dortmund,university applied sciences and arts
hochschule heilbronn,heilbronn university applied sciences
fachhochschule aachen,aachen university applied sciences
katholische universitat eichstatt ingolstadt,catholic university eichstatt ingolstadt
beuth hochschule fur technik berlin,berlin technical university applied sciences
hochschule wismar,univewismar university applied sciences
hochschule pforzheim,pforzheim university
hochschule fur wirtschaft und recht berlin,berlin school economics and law
padagogische hochschule ludwigsburg,college education ludwigsburg
hochschule trier,trier university applied sciences
universitat der bundeswehr munchen,munich university the federal armed forces
hochschule fur technik und wirtschaft dresden,dresden university applied sciences
fachhochschule potsdam,potsdam university applied sciences
hochschule kaiserslautern,kaiserslautern university applied sciences
hochschule fur bankwirtschaft frankfurt am main,university banking frankfurt
hochschule fulda,fulda university applied sciences
hochschule esslingen,esslingen university applied sciences
hochschule merseburg,merseburg university applied sciences
hochschule karlsruhe technik und wirtschaft,karlsruhe university applied sciences
hochschule mittweida,mittweida university applied sciences
fachhochschule koblenz,university applied science koblenz
hochschule niederrhein,niederrhein university applied sciences
europa universitat viadrina,european university viadrina
hochschule magdeburg stendal,magdeburg stendal university applied sciences
hochschule fur technik und wirtschaft des saarlandes,university applied sciences saarlandes
hochschule darmstadt,darmstadt university applied sciences
fachhochschule fur oekonomie management,university applied sciences for economics and management
universitat koblenz landau,university koblenz landau
fachhochschule bielefeld,bielefeld university applied sciences
universitat erfurt,university erfurt
handelshochschule leipzig,leipzig graduate school management
hawk hochschule hildesheim holzminden gottingen,hawk university applied sciences and arts
ebs universitat fur wirtschaft und recht,ebs university for business and law
kunsthochschule fur medien koln,academy media arts cologne
hochschule ravensburg weingarten,ravensburg weingarten university applied sciences
hochschule fur bildende kunste braunschweig,braunschweig university art
technische hochschule nurnberg,nuremberg institute technology
steinbeis hochschule berlin,steinbeis university appied sciences berlin
staatliche akademie der bildenden kunste stuttgart,stuttgart state academy art and design
hochschule anhalt,anhalt university applied sciences
ernst abbe fachhochschule jena,ernst abbe university applied sciences jena
fachhochschule stralsund,stralsund university applied sciences
burg giebichenstein kunsthochschule halle,burg giebichenstein university art and design halle
fachhochschule flensburg,flensburg university applied sciences
fachhochschule kiel,kiel university applied sciences
hochschule vechta,university vechta
hochschule rheinmain,wiesbaden university applied sciences
europa universitat flensburg,university flensburg
technische hochschule mittelhessen,mittelhessen university applied sciences
ostfalia hochschule fur angewandte wissenschaften,ostfalia braunschweig wolfenbuttel university applied sciences
universitat witten herdecke,witten herdecke university
tierarztliche hochschule hannover,university veterinary medicine hannover
hochschule konstanz,constance university applied sciences
fachhochschule erfurt,erfurt university applied sciences
staatliche hochschule fur gestaltung karlsruhe,karlsruhe university arts and design
padagogische hochschule heidelberg,university education heidelberg
hochschule fur technik stuttgart,stuttgart university applied sciences
helmut schmidt universitat,university the federal armed forces hamburg
hochschule coburg,coburg university applied sciences
hochschule nordhausen,nordhausen university applied sciences
hochschule fur grafik und buchkunst leipzig,academy visual arts leipzig
hochschule ostwestfalen lippe,ostwestfalen lippe university applied sciences
hochschule offenburg,offenburg university applied sciences
hochschule mannheim,mannheim university applied sciences
hochschule zittau gorlitz,zittau gorlitz university applied sciences
brandenburgische technische universitat cottbus senftenberg,brandenburg university technology cottbus senftenberg
hochschule reutlingen,reutlingen university
fachhochschule wedel,wedel university applied sciences
hochschule emden leer,emden leer university applied sciences
hochschule dusseldorf,dusseldorf university applied sciences
hochschule mainz,mainz university applied sciences
padagogische hochschule freiburg,freiburg university education
hochschule aalen,aalen university applied sciences
hochschule worms,worms university applied sciences
hafencity universitat hamburg,hafencity university hamburg
westsachsische hochschule zwickau,zwickau university applied sciences
ostbayerischen technischen hochschule regensburg,regensburg university applied sciences
hfh hamburger fern hochschule,hamburger fern university applied sciences
hochschule bonn rhein sieg,bonn rhein sieg university applied sciences
hochschule fur wirtschaft und umwelt nurtingen geislingen,nuertingen geislingen university
fachhochschule wurzburg schweinfurt,wurzburg schweinfurt university applied sciences
hochschule bremerhaven,university applied sciences bremerhaven
hochschule bochum,bochum university applied sciences
deutsche sporthochschule koln,german sport university cologne
macromedia hochschule fur medien und kommunikation,macromedia university for media and communication
hochschule weihenstephan triesdorf,weihenstephan triesdorf university applied sciences
technische hochschule wildau,university applied sciences wildau
jade hochschule,jade university applied sciences
filmuniversitat babelsberg konrad wolf,konrad wolf film and television university
hochschule ulm technik informatik und medien,ulm university applied sciences
weissensee kunsthochschule berlin,berlin weissensee art academy
padagogische hochschule schwabisch gmund,college education schwabisch gmund
hochschule fur musik und theater felix mendelssohn bartholdy leipzig,felix mendelssohn bartholdy academy music and theatre in leipzig
hochschule fur musik franz liszt weimar,the liszt school music weimar
hochschule rhein waal,rhine waal university applied sciences
hochschule fur bildende kunste hamburg,university fine arts hamburg
srh hochschule heidelberg,heidelberg university applied sciences
technische hochschule ingolstadt,ingolstadt university applied sciences
padagogische hochschule karlsruhe,university education karlsruhe
hochschule kempten,kempten university applied sciences
alice salomon hochschule berlin,alice salomon university applied sciences berlin
europaische fernhochschule hamburg,european university applied sciences in hamburg
hochschule schmalkalden,schmalkalden university applied sciences
hochschule neubrandenburg,university applied sciences neubrandenburg
westfalische hochschule,gelsenkirchen university applied sciences
hochschule rosenheim,rosenheim university applied sciences
fachhochschule lubeck,lubeck university applied sciences
hochschule ludwigshafen am rhein,ludwigshafen university applied sciences
alanus hochschule fur kunst und gesellschaft,alanus university arts and social sciences
hochschule albstadt sigmaringen,albstadt sigmaringen university applied sciences
fachhochschule der wirtschaft,university applied sciences
hochschule fresenius,fresenius university applied sciences
akad privathochschulen,akad private university applied sciences
hochschule fur musik carl maria von weber,carl maria von weber college music
hochschule fur gestaltung schwabisch gmund,university design schwabisch gmund
mediadesign hochschule,mediadesign university applied social sciences
fachhochschule sudwestfalen,southern westphalia university applied sciences
hochschule fur musik freiburg,freiburg conservatory music
deutsche universitat fur weiterbildung,german university for professional studies
hochschule fur kunste bremen,university the arts bremen
hochschule fur nachhaltige entwicklung eberswalde,university applied sciences in eberswalde
hochschule fur bildende kunste dresden,dresden academy fine arts
hochschule harz,hochschule harz university applied sciences
fachhochschule bingen,bingen university applied sciences
folkwang universitat der kunste,folkwang university the arts
hochschule fur musik theater und medien hannover,college music drama and media hannover
europaische fachhochschule,european university applied sciences
fachhochschule westkuste,westkuste university applied sciences
padagogische hochschule weingarten,university education
berliner technische kunsthochschule,university applied sciences berlin
katholische hochschule nordrhein westfalen,catholic university applied sciences nrw
nordakademie hochschule der wirtschaft,nordakademie university applied sciences
hochschule fur musik karlsruhe,college music karlsruhe
hochschule fur musik und darstellende kunst frankfurt am main,frankfurt university music and performing arts
hochschule fur musik und theater rostock,rostock university music and drama
hochschule fur gestaltung offenbach am main,college art and design offenbach am main
staatliche hochschule fur musik und darstellende kunst stuttgart,state university music and performing arts stuttgart
akademie der bildenden kunste munchen,academy fine arts munich
hochschule landshut,university applied sciences landshut
ebc hochschule,ebc university applied sciences
ostbayerische technische hochschule amberg weiden,amberg weiden university applied sciences
fachhochschule des mittelstands,university applied sciences for medium sized companies
hochschule ruhr west,ruhr west university applied sciences
apollon hochschule der gesundheitswirtschaft,apollon university applied sciences
kunstakademie dusseldorf,dusseldorf art academy
deutsche universitat fur verwaltungswissenschaften speyer,german university administrative sciences speyer
hochschule hamm lippstadt,hamm lippstadt university applied sciences
staatliche hochschule fur musik trossingen,university music trossingen
srh hochschule berlin,srh university applied sciences berlin
hochschule fur philosophie,munich school philosophy
akademie mode design gmbh,amd academy fashion and design
merz akademie,merz academy
esmod internationale kunsthochschule fur mode,esmod international university art for fashion
musikhochschule lubeck,college music lubeck
design akademie berlin,design academy berlin
hochschule aschaffenburg,university applied sciences aschaffenburg
hochschule fur musik hanns eisler,hanns eisler academy music
srh fernhochschule riedlingen,riedlingen university
hochschule neu ulm,neu ulm university
philosophisch theologische hochschule sankt georgen,sankt georgen graduate school philosophy and theology
hochschule hof,hof university applied sciences
staatliche hochschule fur bildende kunste stadelschule,college fine arts frankfurt am main
staatliche hochschule fur musik und darstellende kunst mannheim,state university for music and performing arts in mannheim
technische hochschule brandenburg,brandenburg university applied sciences
evangelische fachhochschule ludwigsburg,reutlingen ludwigsburg protestant university applied science
hochschule fur soziale arbeit dresden,protestant university applied sciences dresden
katholische stiftungsfachhochschule munchen,catholic university applied sciences munich
katholische hochschule fur sozialwesen berlin,catholic university applied social sciences berlin
hochschule fur musik detmold,detmold academy music
fachhochschule des bundes fur offentliche verwaltung,university the federal public administration
hochschule fur fernsehen und film munchen,university television and film munich
hochschule fur schauspielkunst ernst busch,ernst busch college performing art berlin
evangelische hochschule freiburg,protestant university applied sciences in freiburg
hochschule fur musik und tanz koln,academy music and dance in cologne
hochschule fur musik und theater hamburg,academy music and theatre hamburg
staatliche akademie der bildenden kunste karlsruhe,state academy fine arts karlsruhe
hochschule fur telekommunikation leipzig,university applied sciences leipzig
evangelische hochschule berlin,protestant university applied sciences in berlin
hochschule fur musik wurzburg,academy music in wurzburg
rheinische fachhochschule koln,koln university applied sciences
katholische hochschule freiburg,catholic university applied sciences in freiburg
evangelische fachhochschule darmstadt,protestant university applied sciences in darmstadt
hochschule fur offentliche verwaltung und finanzen ludwigsburg,college administration and finance ludwigsburg
technische fachhochschule georg agricola zu bochum,bochum technical university applied sciences
hochschule fur angewandtes management,college applied management
private fachhochschule gottingen,private university applied sciences gottingen
hochschule fur offentliche verwaltung kehl,kehl school public administration
hochschule der bundesagentur fur arbeit,university the federal employment agency
bbw hochschule,bbw university applied sciences
hochschule fur judische studien,college jewish studies
akademie der bildenden kunste nurnberg,academy fine arts nuremberg
hochschule der bildenden kunste saar,saar college fine arts
hochschule fur medien kommunikation und wirtschaft,school media communication and business
internationales hochschulinstitut zittau,international institute higher education zittau
hochschule fur musik und theater munchen,academy music and performing arts munich
augustana hochschule,augustana divinity school
theologische hochschule friedensau,friedensau school theology
muthesius kunsthochschule,muthesius acadamy fine arts and design
hochschule geisenheim,hochschule geisenheim university
hochschule 21,university 21 university applied sciences
evangelische fachhochschule rheinland westfalen lippe,protestant university applied sciences
fachhochschule ansbach,ansbach university applied sciences
technische hochschule deggendorf,deggendorf institute technology
nta hochschule isny,natural science and technical academy
robert schumann hochschule dusseldorf,robert schumann university music dusseldorf
hochschule fur musik saar,saarland college music
philosophisch theologische hochschule vallendar,college philosophy and theology vallendar
evangelische fachhochschule nurnberg,lutheran university applied sciences in nuernberg
hochschule fur gesundheit,university applied health sciences
palucca hochschule fur tanz dresden,palucca school dresden university dance
hochschule der sparkassen finanzgruppe,college the sparkassen financial group
hochschule fur musik nurnberg,academy music in nuremberg
philosophisch theologische hochschule benediktbeuern,college philosophy and theology benediktbeuern
best sabel hochschule berlin,best sabel university applied sciences berlin
kunstakademie munster,academy fine arts munster
hochschule biberach,biberach university applied sciences
srh hochschule fur logistik und wirtschaft,university applied sciences hamm
hochschule weserbergland,weserbergland university applied sciences
hochschule fur forstwirtschaft rottenburg,rottenburg college forest sciences
katholische hochschule mainz,catholic university applied sciences in mainz
philosophisch theologische hochschule munster,university philosophy and theology in munster
hochschule neuss fur internationale wirtschaft,neuss school for international business
private fachhochschule fur wirtschaft und technik,private university applied sciences for business and technology
ist hochschule fur management,ist college management
h g hochschule fur gesundheit und sport,h g college health and sports
hochschule fur kunsttherapie nurtingen,school art therapy nurtingen
hochschule fur kunste im sozialen,hks university applied sciences and arts
fachhochschule der diakonie,diakonie university applied sciences
srh hochschule calw,college business and media calw
hochschule fur evangelische kirchenmusik bayreuth,university for protestant church music in bavaria
fachhochschule fur offentliche verwaltung nordrhein westfalen,college public administration north rhine westphalia
srh fachhochschule fur gesundheit gera,srh university applied health sciences gera
hochschule fur kirchenmusik herford,herford school church music
gustav siewerth akademie,gustav siewerth academy
berufsakademie eisenach,university cooperative education
fliedner fachhochschule dusseldorf,fliedner university applied sciences dusseldorf
hochschule fur kunst design und populare musik freiburg,school art design and popular music freiburg
fachhochschule fur die wirtschaft hannover,university applied sciences for economics in hanover
quadriga hochschule berlin,quadriga university applied social sciences berlin
hochschule der popularen kunste fh,university the popular arts
freie theologische hochschule giessen,giessen school theology
kirchliche hochschule wuppertal bethel,college theology wuppertal bethel
hochschule fur internationale wirtschaft und logistik,school international economics and logistics
dekra hochschule berlin,dekra university applied sciences
evangelische hochschule fur soziale arbeit und diakonie,protestant university applied sciences for social work
theologische hochschule reutlingen,reutlingen school theology
provadis hochschule,provadis school international management and technology
hochschule fur wirtschaft technik und kultur,private school business technology and culture
fachhochschule fur finanzen nrw,school finance nrw
fachhochschule schwabisch hall,hall university applied sciences
ib hochschule berlin,ib university applied social sciences berlin
psychologische hochschule berlin,psychological institute in berlin
wilhelm lohe hochschule,wilhelm lohe university applied sciences
hochschule fur offentliche verwaltung bremen,bremen college public administration
philosophisch theologische hochschule svd st augustin,college philosophy and theology st augustine
hochschule fur katholische kirchenmusik und musikpadagogik,academy catholic church music and music education
mathias hochschule rheine,university applied sciences rheine
hochschule fur offentliche verwaltung rheinland pfalz,college public administration
lutherische theologische hochschule oberursel,lutheran theological seminary oberursel
fachhochschule schwetzingen,schwetzingen university applied sciences
hochschule der deutschen bundesbank,deutschen bundesbank university applied sciences
fachhochschule fur rechtspflege nordrhein westfalen,college justice north rhine westphalia
evangelische hochschule fur kirchenmusik,protestant college church music
hochschule der wirtschaft fur management,university applied management studies
fachhochschule fur sport und management potsdam,college sport management potsdam
dpfa hochschule sachsen,dpfa university applied sciences saxony
medizinische hochschule brandenburg,medical university brandenburg
brand academy hochschule fur design und kommunikation,brand academy school design and communication
hochschule fur finanzen und landesfinanzschule,college finance in edenkoben
vwa hochschule fur berufsbegleitendes studium,vwa academy occupational studies
