vilniaus universitetas,vilnius university
kauno technologijos universitetas,kaunas university technology
vytauto didziojo universitetas,vytautas magnus university
vilniaus gedimino technikos universitetas,vilnius gediminas technical university
siauliu universitetas,siauliai university
klaipedos universitetas,klaipeda university
lietuvos edukologijos universitetas,lithuanian university educational sciences
mykolo romerio universitetas,mykolas romeris university
lietuvos sveikatos mokslu universitetas,lithuanian university health sciences
europos humanitarinis universitetas,european humanities university
vilniaus dailes akademija,academy arts vilnius
ism vadybos ir ekonomikos universitetas,ism university management and economics
vilniaus kolegija,vilniaus university applied sciences
aleksandro stulginskio universitetas,aleksandras stulginskis university
kauno kolegija,kaunas college
alytaus kolegija,alytus college
socialiniu mokslu kolegija,smk university applied social sciences
lietuvos sporto universitetas,lithuanian sports university
lcc tarptautinis universitetas,lcc international university
lietuvos muzikos ir teatro akademija,lithuanian academy music and theatre
kauno misku ir aplinkos inzinerijos kolegija,kaunas college forestry and environmental enginnering
utenos kolegija,utena college
siaures lietuvos kolegija,north lithuania college
klaipedos valstybine kolegija,klaipeda state college
tarptautine teises ir verslo aukstoji mokykla,international school law and business
panevezio kolegija,panevezys college
lietuvos karo akademija,military academy lithuania
vilniaus technologiju ir dizaino kolegija,vilnius college technologies and design
kazimiero simonaviciaus universitetas,kazimieras simonavicius university
siauliu valstybine kolegija,siauliai college
zemaitijos kolegija,zemaitija college
marijampoles kolegija,marijampole college
vakaru lietuvos verslo kolegija,west lithuania business college
vilniaus dizaino kolegija,vilnius design college
kauno technikos kolegija,kaunas technical college
v a graiciuno aukstoji vadybos mokykla,v a graiciunas school management
lietuvos aukstoji jureivystes mokykla lietuvos,lithuanian maritime academy
vilniaus verslo kolegija,vilnius business college
vilniaus kooperacijos kolegija,vilnius co operative college
kolpingo kolegija,kolping college
