universitatea alexandru ioan cuza,alexandru ioan cuza university
universitatea politehnica din bucuresti,politehnica university bucharest
universitatea din bucuresti,university bucharest
universitatea babes bolyai,babes bolyai university
academia de studii economice din bucuresti,bucharest academy economic studies
universitatea constantin brancusi,constantin brancusi university
universitatea de vest din timisoara,west university timisoara
universitatea transilvania din brasov,transilvany university brasov
universitatea tehnica gheorghe asachi din iasi,gheorghe asachi technical university iasi
universitatea tehnica cluj napoca,technical university cluj napoca
universitatea din craiova,university craiova
universitatea lucian blaga din sibiu,lucian blaga university sibiu
universitatea politehnica din timisoara,politehnica university timisoara
universitatea de medicina si farmacie iuliu hatieganu din cluj,university medicine and pharmacy cluj napoca
universitatea stefan cel mare suceava,stefan cel mare university suceava
universitatea dunarea de jos din galati,university dunarea de jos galati
universitatea ovidius constanta,ovidius university constanta
universitatea petru maior din targu mures,petru maior university targu mures
universitatea din oradea,university oradea
universitatea tehnica de constructii din bucuresti,technical university civil engineering bucharest
universitatea de stiinte agricole si medicina veterinara din cluj napoca,university agricultural sciences and veterinary medicine cluj napoca
scoala nationala de studii politice si administrative,national school political studies and public administration
universitatea de medicina si farmacie gr t popa,grigore t popa university medicine and pharmacy
universitatea vasile alecsandri din bacau,vasile alecsandri university bacau
universitatea de stiinte agricole si medicina veterinara din iasi,university agricultural sciences and veterinary medicine iasi
universitatea danubius,danubius university
universitatea de arhitectura si urbanism ion mincu din bucuresti,university architecture and urbanism bucharest
universitatea spiru haret,spiru haret university
universitatea de medicina si farmacie din targu mures,university medicine and pharmacy targu mures
universitatea valahia din targoviste,valahia university targoviste
universitatea din pitesti,university pitesti
universitatea de vest vasile goldis arad,vasile goldis western university arad
universitatea de stiinte agricole si medicina veterinara a banatului timisoara,banat university agricultural sciences and veterinary medicine timisoara
universitatea aurel vlaicu din arad,aurel vlaicu university arad
universitatea tibiscus din timisoara,tibiscus university timisoara
universitatea de medicina si farmacie victor babes timisoara,university medicine and pharmacy timisoara
universitatea 1 decembrie 1918 din alba iulia,1st december 1918 university alba iulia
universitatea romano americana din bucuresti,romanian american university
universitatea nationala de arta teatrala si cinematografica ion luca caragiale,caragiale university theatrical arts and cinematography
universitatea petrol gaze din ploiesti,petroleum gas university ploiesti
universitatea de medicina si farmacie din craiova,university medicine and pharmacy craiova
universitatea titu maiorescu,titu maiorescu university
universitatea nicolae titulescu din bucuresti,nicolae titulescu university bucharest
universitatea crestina dimitrie cantemir,dimitrie cantemir christian university
universitatea nationala de aparare carol i,carol i national defense university
universitatea agora din oradea,agora university oradea
universitatea de stiinte agronomice si medicina veterinara din bucuresti,university agronomical sciences and veterinary medicine
universitatea din petrosani,university petrosani
academia de muzica gheorghe dima,gheorghe dima music academy
universitatea nationala de arte bucuresti,national university arts bucharest
universitatea de arte george enescu iasi,george enescu university arts iasi
universitatea ecologica din bucuresti,ecological university bucharest
universitatea de arta si design cluj napoca,university art and design cluj napoca
universitatea athenaeum din bucuresti,athenaeum university bucharest
universitatea bioterra,bioterra university
universitatea nationala de muzica bucuresti,national university music bucharest
universitatea hyperion,hyperion university
universitatea maritima din constanta,maritime university constanta
universitatea constantin brancoveanu,constantin brancoveanu university
universitatea emanuel din oradea,emanuel university in oradea
universitatea petre andrei din iasi,petre andrei university iasi
universitatea eftimie murgu din resita,eftimie murgu university resita
universitatea dimitrie cantemir,dimitrie cantemir university
universitatea romano germana din sibiu,romanian german university sibiu
universitatea de arte din targu mures,theatre university targu mures
universitatea mihail kogalniceanu,mihail kogalniceanu university
universitatea bogdan voda din cluj napoca,bogdan voda university cluj napoca
universitatea andrei saguna,andrei saguna university
universitatea artifex din bucuresti,artifex university bucharest
universitatea nationala de educatie fizica si sport,national university physical education and sport
universitatea europeana dragan din lugoj,dragan european university lugoj
universitatea de medicina si farmacie carol davila,carol davila university medicine and pharmacy
universitatea george baritiu din brasov,george baritiu university brasov
