tartu ulikool,university tartu
tallinna tehnikaulikool,tallinn university technology
tallinna ulikool,tallinn university
eesti maaulikool,estonian university life sciences
eesti kunstiakadeemia,estonian academy arts
sisekaitseakadeemia,estonian academy security sciences
ebs rahvusvaheline ulikool,estonian business school
eesti muusika ja teatriakadeemia,estonian academy music and theatre
tallinna tehnikakorgkool,ttk university applied sciences
eelk usuteaduse instituut,institute theology the eelc
tallinna tervishoiu korgkool,tallin health college
tartu korgem kunstikool,tartu art college
euroakadeemia,eurouniversity
