universidade do porto,university porto
universidade de lisboa,university lisbon
universidade de coimbra,university coimbra
universidade do minho,university minho
universidade nova de lisboa,new university lisbon
universidade de aveiro,university aveiro
universidade catolica portuguesa,catholic university portugal
universidade de evora,university evora
universidade dos acores,university the azores
instituto politecnico do porto,polytechnic institute porto
universidade do algarve,university the algarve
instituto superior de ciencias do trabalho e da empresa,higher institute labour and business
universidade de tras os montes e alto douro,university tras os montes and alto douro
instituto politecnico de viseu,polytechnic institute viseu
instituto politecnico de leiria,polytechnic institute leiria
universidade da beira interior,university beira interior
universidade da madeira,madeira university
instituto politecnico de braganca,polytechnic institute braganca
instituto politecnico de lisboa,polytechnic institute lisbon
instituto politecnico de setubal,polytechnic institute setubal
instituto politecnico de viana do castelo,polytechnic institute viana do castelo
instituto politecnico do cavado e do ave,polytechnic institute cavado and ave
instituto politecnico de santarem,polytechnic institute santarem
instituto politecnico da guarda,polytechnic institute guarda
ispa instituto universitario,ispa university
instituto politecnico de coimbra,polytechnic institute coimbra
instituto superior da maia,superior institute maia
escola superior de educacao de coimbra,college education coimbra
instituto politecnico de castelo branco,polytechnic institute castelo branco
instituto politecnico de tomar,polytechnic institute tomar
universidade lusiada de lisboa,lusiada university lisbon
instituto superior de entre douro e vouga,higher institute entre douro and vouga
instituto piaget,piaget institute
universidade fernando pessoa,fernando pessoa university
universidade lusofona de humanidades e technologias,lusophone university humanities and technologies
instituto superior politecnico gaya,higher polytechnic institute gaya
escola superior de hotelaria e turismo do estoril,higher school tourism and hospitality studies estoril
escola superior de artes e design,college arts and design
universidade autonoma de lisboa,autonomous university lisbon
instituto superior de administracao e gestao,higher institute management and administration
instituto superior de ciencias empresariais e de turismo,higher institute business and tourism
instituto superior miguel torga,miguel torga higher institute
escola superior de enfermagem do porto,nursing school porto
universidade europeia,european university
instituto politecnico de portalegre,polytechnic institute portalegre
instituto superior de gestao,higher institute management
instituto superior de novas profissoes,higher institute the new professions
universidade new atlantica,new atlantica university
instituto superior bissaya barreto,higher institute bissaya barreto
instituto politecnico de beja,polytechnic institute beja
instituto portugues de administracao de marketing,portuguese institute marketing management
instituto superior de linguas e administracao de leiria,higher institute administration and languages leiria
instituto superior de pacos de brandao,higher institute pacos de brandao
escola superior de enfermagem de coimbra,higher school nursing coimbra
escola superior de enfermagem de lisboa,higher school nursing lisboa
instituto superior de tecnologias avancadas,higher institute advanced technologies
instituto superior dom afonso iii,dom afonso iii higher institute
instituto superior de saude do alto ave,health institute alto ave
escola universitaria das artes de coimbra,university college arts coimbra
instituto superior de ciencias educativas,higher institute educational sciences
escola superior de saude ribeiro sanches,ribeiro sanches higher school health sciences
escola superior de educacao de torres novas,college education torres novas
instituto superior ciencias da administracao,higher institute for administration sciences
escola superior nautica infante d henrique,d henrique nautical higher school infante
